"Node","Parent"
"V1_flow","V1_open"
"V1_flow","V1_st"
"V2_flow","V2_open"
"V2_flow","V2_st"
"V3_flow","V3_open"
"V3_flow","V3_st"
"V4_flow","V4_open"
"V4_flow","V4_st"
"V1_leaking","V1_st"
"V2_leaking","V2_st"
"V3_leaking","V3_st"
"V4_leaking","V4_st"
"S1_detect","V1_leaking"
"S1_detect","V2_leaking"
"S1_detect","V3_leaking"
"S1_detect","V4_leaking"
"V5_flow","V1_flow"
"V5_flow","V5_open"
"V5_flow","V5_st"
"V6_flow","V1_flow"
"V6_flow","V6_open"
"V6_flow","V6_st"
"V7_flow","V2_flow"
"V7_flow","V7_open"
"V7_flow","V7_st"
"V8_flow","V2_flow"
"V8_flow","V8_open"
"V8_flow","V8_st"
"V9_flow","V3_flow"
"V9_flow","V9_open"
"V9_flow","V9_st"
"V10_flow","V3_flow"
"V10_flow","V10_open"
"V10_flow","V10_st"
"V11_flow","V4_flow"
"V11_flow","V11_open"
"V11_flow","V11_st"
"V12_flow","V4_flow"
"V12_flow","V12_open"
"V12_flow","V12_st"
"V5_leaking","V1_flow"
"V5_leaking","V5_st"
"V6_leaking","V1_flow"
"V6_leaking","V6_st"
"V7_leaking","V2_flow"
"V7_leaking","V7_st"
"V8_leaking","V2_flow"
"V8_leaking","V8_st"
"V9_leaking","V3_flow"
"V9_leaking","V9_st"
"V10_leaking","V3_flow"
"V10_leaking","V10_st"
"V11_leaking","V4_flow"
"V11_leaking","V11_st"
"V12_leaking","V4_flow"
"V12_leaking","V12_st"
"S2_detect","V5_leaking"
"S2_detect","V6_leaking"
"S2_detect","V7_leaking"
"S2_detect","V8_leaking"
"S2_detect","V9_leaking"
"S2_detect","V10_leaking"
"S2_detect","V11_leaking"
"S2_detect","V12_leaking"
"V13_flow","V5_flow"
"V13_flow","V6_flow"
"V13_flow","V13_open"
"V13_flow","V13_st"
"V14_flow","V7_flow"
"V14_flow","V8_flow"
"V14_flow","V14_open"
"V14_flow","V14_st"
"V15_flow","V9_flow"
"V15_flow","V10_flow"
"V15_flow","V15_open"
"V15_flow","V15_st"
"V16_flow","V11_flow"
"V16_flow","V12_flow"
"V16_flow","V16_open"
"V16_flow","V16_st"
"V13_leaking","V5_flow"
"V13_leaking","V6_flow"
"V13_leaking","V13_st"
"V14_leaking","V7_flow"
"V14_leaking","V8_flow"
"V14_leaking","V14_st"
"V15_leaking","V9_flow"
"V15_leaking","V10_flow"
"V15_leaking","V15_st"
"V16_leaking","V11_flow"
"V16_leaking","V12_flow"
"V16_leaking","V16_st"
"S3_detect","V13_leaking"
"S3_detect","V14_leaking"
"S3_detect","V15_leaking"
"S3_detect","V16_leaking"
"E1_thrusts","V13_flow"
"E1_thrusts","V14_flow"
"E2_thrusts","V15_flow"
"E2_thrusts","V16_flow"
